id;data;titulo;conteudo
1;2022-06-23;intangible HDD;matrix application
2;2022-06-22;Jóias Beleza;Macio
3;2022-06-23;Silver Avon wireless;Rústico visionary Marketing
4;2022-06-23;blockchains magenta;Rua
5;2022-06-23;Rodovia à coherent;payment withdrawal Pernambuco
6;2022-06-22;sensor Saúde;defect Bahia
7;2022-06-23;Macio Mato;up
8;2022-06-22;Right-sized payment connecting;Pequeno redundant
9;2022-06-23;Jóias Customizable Lindo;Account Technician
10;2022-06-23;optimizing bus;Plástico recontextualize
