id;nome;descricao;cnpj;documento
1;payment;bypass Camiseta integrate;true;microchip Sul
2;Jardim;Engineer Bedfordshire Atum;false;Marginal customized 
3;USB Armenian Atum;Butão;true;Saúde compress
4;optical Algodão Sapatos;program Bola;false;à connect
5;Lustroso Principal;Sérvia;true;Aço
6;Intranet;Automotivo;true;Directives Kroon Rua
7;Account grená;laranja Internal verde;false;Home
8;Human Tala interfaces;Metal Ergonômico synthesizing;false;Cambridgeshire
9;1080p dourado;Lindo Concreto;true;deposit
10;Division invoice;Malvinas pele;true;bypass Expanded Cear
