id;codigo;nome;descricao
1;Bedfordshire Livros;drive;mission-critical
2;Concreto Investor Ac;Account;Right-sized
3;neural FTP Peixe;withdrawal Plástico exploit;Licenciado iterate
4;Algodão multi-state;eyeballs;Música Principal toolset
5;Bicicleta Consultant;Upgradable;Rodovia
6;RSS;Bedfordshire;Shilling
7;Fantástico Jóias sta;Faso optical;application EXE
8;Marginal;synthesizing Enhanced;Buckinghamshire dedicated
9;parse Malta;Madeira Customer;hacking Chief Sul
10;Incrível;Guiana;overriding bronze
